test,DCH1,DCH2,cell_1,cell_2,cell_3,cell_4,cell_5,cell_6
Char T1-13,507.5829861,403.5647916,187.2008615,186.8792231,187.2876381,186.8839596,187.1323688,187.1115934
